상호,주소
국수집,경기 안양시 동안구 흥안대로145번길 79
낙영찜갈비,대구 중구 동덕로36길 9-17
남양수산,제주 서귀포시 성산읍 고성동서로56번길 11
대교식당,충북 단양군 단양읍 중앙2로 9
덕성원 본점,제주 서귀포시 태평로401번길 4
뎅과꼬치로 안양직영점,경기 안양시 동안구 흥안대로109번길 8 1층 105호
돌하르방식당,제주 제주시 신산로11길 53
만족오향족발 시청점,서울 중구 서소문로 134-7
미소네,서울 동작구 동작대로7길 32
백가원짬뽕,경기 화성시 만세구 팔탄면 노하길 516
백년지기삼계탕,경기 안양시 동안구 갈산로44번길 44
보영반점,제주 제주시 한림읍 한림로 692-1
산방식당 본점,제주 서귀포시 대정읍 하모이삼로 62
삼대전통고기국수,제주 제주시 신대로5길 17
신제주보말칼국수,제주 제주시 선덕로5길 19
안양황소곱창,경기 안양시 동안구 엘에스로 45 108호
영성각,충남 서산시 해미면 남문1로 40-1
영진돼지국밥본점,부산 사하구 하신번영로157번길 39
오코노미야끼 하나,서울 광진구 능동로13길 111 1층
옹포별장가든,제주 제주시 한림읍 한림상로 24 1층
이씨할매횟집,부산 해운대구 달맞이길62번길 46
정통춘천닭갈비,경기 안양시 동안구 귀인로190번길 39-43
진미명가식당,제주 서귀포시 안덕면 사계남로 167
해원횟집,제주 제주시 서해안로 687-6
향원복집,제주 서귀포시 부두로 43
형제전통돼지국밥,부산 해운대구 구남로 39
황제막창,경기 안양시 동안구 시민대로137번길 17 1층
회화원,서울 관악구 남현1길 68-18 네스코로와 1층
효목골막창,대구 동구 효목로 27-1
